symptoms,question
"The name acromegaly comes from the Greek words for ""extremities"" and ""enlargement,"" reflecting one of its most common symptomsthe abnormal growth of the hands and feet. Swelling of the hands and feet ",What are the symptoms of Acromegaly ?
"Adrenal Insufficiency
                
The most common symptoms of adrenal insufficiency are
                
- chronic, or long lasting, fatigue   - muscle weakness   - loss of appetite   - weight lo",What are the symptoms of Adrenal Insufficiency and Addison's Disease ?
"Signs and symptoms of Cushing's syndrome vary, but most people with the disorder have upper body obesity, a rounded face, increased fat around the neck, and relatively slender arms and legs. Children ",What are the symptoms of Cushing's Syndrome ?
"People with Graves disease may have common symptoms of hyperthyroidism such as
                
- nervousness or irritability  - fatigue or muscle weakness  - heat intolerance  - trouble sleeping  - h",What are the symptoms of Graves' Disease ?
"Many people with Hashimotos disease have no symptoms at first. As the disease slowly progresses, the thyroid usually enlarges and may cause the front of the neck to look swollen. The enlarged thyroid,",What are the symptoms of Hashimoto's Disease ?
"Hyperthyroidism has many symptoms that can vary from person to person. Some common symptoms of hyperthyroidism are
                
- nervousness or irritability  - fatigue or muscle weakness  - heat ",What are the symptoms of Hyperthyroidism ?
"Hypothyroidism has many symptoms that can vary from person to person. Some common symptoms of hypothyroidism are
                
- fatigue  - weight gain  - a puffy face  - cold intolerance  - joint ",What are the symptoms of Hypothyroidism ?
"CJD does not cause the same symptoms in everyone. In most people who got CJD from pituitary hGH, the first signs they noticed were difficulty with walking and balance, dizziness, and/or clumsiness. La",What are the symptoms of National Hormone and Pituitary Program (NHPP): Information for People Treated with Pituitary Human Growth Hormone (Comprehensive Report) ?
"Most people with primary hyperparathyroidism have no symptoms. When symptoms appear, they are often mild and nonspecific, such as
                
- muscle weakness  - fatigue and an increased need fo",What are the symptoms of Primary Hyperparathyroidism ?
"In women, high levels of prolactin in the blood often cause infertility and changes in menstruation. In some women, periods may stop. In others, periods may become irregular or menstrual flow may chan",What are the symptoms of Prolactinoma ?
"Anemia of inflammation and chronic disease typically develops slowly and, because it is usually mild, may cause few or no symptoms. Symptoms of anemia may also be masked by the symptoms of the underly",What are the symptoms of Anemia of Inflammation and Chronic Disease ?
The signs and symptoms of type 2 diabetes can be so mild that you might not even notice them. Nearly 7 million people in the United States have type 2 diabetes and dont know they have the disease. Man,What are the symptoms of Am I at Risk for Type 2 Diabetes? Taking Steps to Lower Your Risk of Getting Diabetes ?
"People with diabetic kidney disease do not have symptoms in the early stages. As kidney disease progresses, a person can develop edema, or swelling. Edema happens when the kidneys cannot get rid of th",What are the symptoms of Diabetic Kidney Disease ?
"Symptoms depend on the type of neuropathy and which nerves are affected. Some people with nerve damage have no symptoms at all. For others, the first symptom is often numbness, tingling, or pain in th",What are the symptoms of Diabetic Neuropathies: The Nerve Damage of Diabetes ?
"Hypoglycemia causes symptoms such as
                
- hunger  - shakiness  - nervousness  - sweating  - dizziness or light-headedness  - sleepiness  - confusion  - difficulty speaking  - anxiety  - ",What are the symptoms of Hypoglycemia ?
"Hypoglycemia causes symptoms such as
                
- hunger  - shakiness  - nervousness  - sweating  - dizziness or light-headedness  - sleepiness  - confusion  - difficulty speaking  - anxiety  - ",What are the symptoms of Hypoglycemia ?
Many people have no visible signs or symptoms of diabetes. Symptoms can also be so mild that you might not notice them. More than 5 million people in the United States have type 2 diabetes and do not ,What are the symptoms of I Can Lower My Risk for Type 2 Diabetes: A Guide for American Indians ?
"Insulin resistance and prediabetes usually have no symptoms. People may have one or both conditions for several years without knowing they have them. Even without symptoms, health care providers can i",What are the symptoms of Insulin Resistance and Prediabetes ?
"Often, no symptoms appear during the early stages of diabetes retina problems. As retina problems worsen, your symptoms might include
                
- blurry or double vision  - rings, flashing ligh",What are the symptoms of Prevent diabetes problems: Keep your eyes healthy ?
"You may have one or more of the following warning signs:
                
- chest pain or discomfort  - pain or discomfort in your arms, back, jaw, or neck  - indigestion or stomach pain  - shortness ",What are the symptoms of Prevent diabetes problems: Keep your heart and blood vessels healthy ?
"A stroke happens when part of your brain is not getting enough blood and stops working. Depending on the part of the brain that is damaged, a stroke can cause
                
- sudden weakness or num",What are the symptoms of Prevent diabetes problems: Keep your heart and blood vessels healthy ?
"In the early stages, diabetic kidney disease does not have any symptoms. Kidney disease happens so slowly that you may not feel sick at all for many years. You may not feel sick even when your kidneys",What are the symptoms of Prevent diabetes problems: Keep your kidneys healthy ?
Nerve damage symptoms depend on which nerves have damage. Some people have no symptoms or mild symptoms. Other people have painful and long-lasting symptoms. As most nerve damage develops over many ye,What are the symptoms of Prevent diabetes problems: Keep your nervous system healthy ?
"The signs and symptoms of diabetes are
                
- being very thirsty  - urinating often  - feeling very hungry  - feeling very tired  - losing weight without trying  - sores that heal slowly  ",What are the symptoms of Your Guide to Diabetes: Type 1 and Type 2 ?
"In most cases, abdominal adhesions do not cause symptoms. When symptoms are present, chronic abdominal pain is the most common.",What are the symptoms of Abdominal Adhesions ?
"A complete intestinal obstruction is life threatening and requires immediate medical attention and often surgery. Symptoms of an intestinal obstruction include
                
- severe abdominal pain",What are the symptoms of Abdominal Adhesions ?
"A person may experience digestive signs and symptoms, or symptoms in other parts of the body. Digestive signs and symptoms are more common in children and can include
                
- abdominal bloa",What are the symptoms of Celiac Disease ?
"Signs and symptoms of celiac disease vary from person to person because of numerous factors, including
                
- the length of time a person was breastfed as an infant; some studies have show",What are the symptoms of Celiac Disease ?
"Symptoms that accompany chronic diarrhea in children depend on the cause of the diarrhea. Symptoms can include
                
- cramping  - abdominal pain  - nausea or vomiting  - fever  - chills  -",What are the symptoms of Chronic Diarrhea in Children ?
"The most common signs and symptoms of Crohn's disease are
                
- diarrhea  - abdominal cramping and pain  - weight loss
                
Other general signs and symptoms include
          ",What are the symptoms of Crohn's Disease ?
"The main symptoms of cyclic vomiting syndrome are severe nausea and sudden vomiting lasting hours to days. A person may also experience one or more of the following symptoms:
                
- retchi",What are the symptoms of Cyclic Vomiting Syndrome ?
"People who have any signs or symptoms of severe dehydration should call or see a health care provider right away:
                
- excessive thirst  - dark-colored urine  - infrequent urination  - l",What are the symptoms of Cyclic Vomiting Syndrome ?
"Dermatitis herpetiformis is characterized by small, clustered papules and vesicles that erupt symmetrically on the elbows, knees, buttocks, back, or scalp. The face and groin can also be involved. A b",What are the symptoms of Dermatitis Herpetiformis: Skin Manifestation of Celiac Disease (For Health Care Professionals) ?
"Diarrhea may be accompanied by cramping, abdominal pain, nausea, an urgent need to use the bathroom, or loss of bowel control. Some infections that cause diarrhea can also cause a fever and chills or ",What are the symptoms of Diarrhea ?
"People with diverticulitis may have many symptoms, the most common of which is pain in the lower left side of the abdomen. The pain is usually severe and comes on suddenly, though it can also be mild ",What are the symptoms of Diverticular Disease ?
"The symptoms of early and late dumping syndrome are different and vary from person to person. Early dumping syndrome symptoms may include
                
- nausea  - vomiting  - abdominal pain and cr",What are the symptoms of Dumping Syndrome ?
"Symptoms of foodborne illnesses depend on the cause. Common symptoms of many foodborne illnesses include
                
- vomiting  - diarrhea or bloody diarrhea  - abdominal pain  - fever  - chills",What are the symptoms of Foodborne Illnesses ?
"Many people with gallstones do not have symptoms. Gallstones that do not cause symptoms are called asymptomatic, or silent, gallstones. Silent gallstones do not interfere with the function of the gall",What are the symptoms of Gallstones ?
"The most common symptoms of gas are burping, passing gas, bloating, and abdominal pain or discomfort. However, not everyone experiences these symptoms.
                
Burping. Burping, or belching, ",What are the symptoms of Gas in the Digestive Tract ?
"Some people who have gastritis have pain or discomfort in the upper part of the abdomenthe area between the chest and hips. However, many people with gastritis do not have any signs and symptoms. The ",What are the symptoms of Gastritis ?
"Erosive gastritis may cause ulcers or erosions in the stomach lining that can bleed. Signs and symptoms of bleeding in the stomach include
                
- shortness of breath  - dizziness or feelin",What are the symptoms of Gastritis ?
"The most common symptoms of gastroparesis are nausea, a feeling of fullness after eating only a small amount of food, and vomiting undigested foodsometimes several hours after a meal. Other symptoms o",What are the symptoms of Gastroparesis ?
"The most common symptom of internal hemorrhoids is bright red blood on stool, on toilet paper, or in the toilet bowl after a bowel movement. Internal hemorrhoids that are not prolapsed are usually not",What are the symptoms of Hemorrhoids ?
"Most people with indigestion experience more than one of the following symptoms:
                
- Fullness during a meal. The person feels overly full soon after the meal starts and cannot finish th",What are the symptoms of Indigestion ?
"The first sign of an inguinal hernia is a small bulge on one or, rarely, on both sides of the grointhe area just above the groin crease between the lower abdomen and the thigh. The bulge may increase ",What are the symptoms of Inguinal Hernia ?
"Intestinal pseudo-obstruction symptoms may include
                
- abdominal swelling or bloating, also called distension  - abdominal pain  - nausea  - vomiting  - constipation  - diarrhea
       ",What are the symptoms of Intestinal Pseudo-obstruction ?
"The symptoms of IBS include abdominal pain or discomfort and changes in bowel habits. To meet the definition of IBS, the pain or discomfort should be associated with two of the following three symptom",What are the symptoms of Irritable Bowel Syndrome in Children ?
"Common symptoms of lactose intolerance include
                
- abdominal bloating, a feeling of fullness or swelling in the abdomen  - abdominal pain  - diarrhea  - gas  - nausea
                
S",What are the symptoms of Lactose Intolerance ?
"The most common symptom of Mntriers disease is pain in the upper middle part of the abdomen. The abdomen is the area between the chest and hips.
                
Other signs and symptoms of Mntriers d",What are the symptoms of Mntriers Disease ?
"The most common symptom of microscopic colitis is chronic, watery, nonbloody diarrhea. Episodes of diarrhea can last for weeks, months, or even years. However, many people with microscopic colitis may",What are the symptoms of Microscopic Colitis: Collagenous Colitis and Lymphocytic Colitis ?
"Tenesmusan uncomfortable and frequent urge to have a bowel movementis one of the most common symptoms of proctitis. Other symptoms may include
                
- bloody bowel movements  - rectal bleed",What are the symptoms of Proctitis ?
"The main symptom of short bowel syndrome is diarrhealoose, watery stools. Diarrhea can lead to dehydration, malnutrition, and weight loss. Dehydration means the body lacks enough fluid and electrolyte",What are the symptoms of Short Bowel Syndrome ?
"People who have any signs or symptoms of severe dehydration should call or see a health care provider right away:
                
- excessive thirst  - dark-colored urine  - infrequent urination  - l",What are the symptoms of Short Bowel Syndrome ?
"The most common signs and symptoms of ulcerative colitis are diarrhea with blood or pus and abdominal discomfort. Other signs and symptoms include
                
- an urgent need to have a bowel mov",What are the symptoms of Ulcerative Colitis ?
"The main symptoms of viral gastroenteritis are
                
- watery diarrhea  - vomiting
                
Other symptoms include
                
- headache  - fever  - chills  - abdominal pain
 ",What are the symptoms of Viral Gastroenteritis ?
"Crohn's disease symptoms can be different for each person. The most common symptoms of Crohns disease are
                
- abdominal painoften in the lower right area of the abdomen  - diarrhea  - b",What are the symptoms of What I need to know about Crohn's Disease ?
"In addition to passing frequent, loose stools, other possible symptoms include
                
- cramps or pain in the abdomenthe area between the chest and hips  - an urgent need to use the bathroom",What are the symptoms of What I need to know about Diarrhea ?
"The symptoms for diverticulosis and diverticulitis are different.
                
Diverticulosis. Many people don't have symptoms, but some people have cramping, bloating, and constipation. Some peop",What are the symptoms of What I need to know about Diverticular Disease ?
"The most common symptoms of gas are:
                
- Burping. Burping once in awhile, especially during and after meals, is normal. If you burp very often, you may be swallowing too much air. Some ",What are the symptoms of What I need to know about Gas ?
"The main symptoms of HD are constipation or intestinal obstruction, usually appearing shortly after birth. Constipation in infants and children is common and usually comes and goes, but if your child ",What are the symptoms of What I need to know about Hirschsprung Disease ?
"Common symptoms of lactose intolerance include
                
- bloating, a feeling of fullness or swelling, in your belly  - pain in your belly  - diarrhea  - gas  - nausea
                
You may",What are the symptoms of What I need to know about Lactose Intolerance ?
"Signs and symptoms of Whipple disease can vary widely from person to person. The most common symptoms of Whipple disease are
                
- diarrhea  - weight loss caused by malabsorption
        ",What are the symptoms of Whipple Disease ?
"The signs and symptoms of Wilson disease vary, depending on what organs of the body are affected. Wilson disease is present at birth; however, the signs and symptoms of the disease do not appear until",What are the symptoms of Wilson Disease ?
Zollinger-Ellison syndrome signs and symptoms are similar to those of peptic ulcers. A dull or burning pain felt anywhere between the navel and midchest is the most common symptom of a peptic ulcer. T,What are the symptoms of Zollinger-Ellison Syndrome ?
"A person who has any of the following emergency symptoms should call or see a health care provider right away:
                
- chest pain  - sharp, sudden, persistent, and severe stomach pain  - re",What are the symptoms of Zollinger-Ellison Syndrome ?
"A person with acquired cystic kidney disease often has no symptoms. However, the complications of acquired cystic kidney disease can have signs and symptoms.",What are the symptoms of Acquired Cystic Kidney Disease ?
"The most common sign of primary amyloidosis of the kidneys is nephrotic syndromea collection of signs that indicate kidney damage. The signs of nephrotic syndrome include
                
- albuminuri",What are the symptoms of Amyloidosis and Kidney Disease ?
"The symptoms of dialysis-related amyloidosis may include
                
- pain, stiffness, and fluid in the joints.  - abnormal, fluid-containing sacs, called cysts, in some bones.  - carpal tunnel ",What are the symptoms of Amyloidosis and Kidney Disease ?
"The signs and symptoms of anemia in someone with CKD may include
                
- weakness  - fatigue, or feeling tired  - headaches  - problems with concentration  - paleness  - dizziness  - diffic",What are the symptoms of Anemia in Chronic Kidney Disease ?
"The signs and symptoms of childhood nephrotic syndrome may include
                
- edemaswelling, most often in the legs, feet, or ankles and less often in the hands or face  - albuminuriawhen a ch",What are the symptoms of Childhood Nephrotic Syndrome ?
"In adults, symptoms of mineral and bone disorder in CKD may not appear until bone changes have taken place for many years. For this reason, people often refer to the disease as a silent crippler. Even",What are the symptoms of Mineral and Bone Disorder in Chronic Kidney Disease ?
"An ectopic kidney may not cause any symptoms and may function normally, even though it is not in its usual position. Many people have an ectopic kidney and do not discover it until they have tests don",What are the symptoms of Ectopic Kidney ?
"The signs and symptoms of glomerular disease include
                
- albuminuria: large amounts of protein in the urine  - hematuria: blood in the urine  - reduced glomerular filtration rate: ineff",What are the symptoms of Glomerular Diseases ?
"The symptoms of Goodpasture syndrome may initially include fatigue, nausea, vomiting, and weakness. The lungs are usually affected before or at the same time as the kidneys, and symptoms can include s",What are the symptoms of Goodpasture Syndrome ?
"A child with hemolytic uremic syndrome may develop signs and symptoms similar to those seen with gastroenteritisan inflammation of the lining of the stomach, small intestine, and large intestine such ",What are the symptoms of Hemolytic Uremic Syndrome in Children ?
"The symptoms of HSP include the following:
                
- Rash. Leaking blood vessels in the skin cause a rash that looks like bruises or small red dots on the legs, arms, and buttocks. The rash m",What are the symptoms of Henoch-Schnlein Purpura ?
"Most people with high blood pressure do not have symptoms. In rare cases, high blood pressure can cause headaches.
                
Kidney disease also does not have symptoms in the early stages. A pe",What are the symptoms of High Blood Pressure and Kidney Disease ?
"In its early stages, IgA nephropathy may have no symptoms; it can be silent for years or even decades. Once symptoms appear, the most common one is hematuria, or blood in the urine. Hematuria can be a",What are the symptoms of IgA Nephropathy ?
"Many babies with kidney dysplasia in only one kidney have no signs of the condition. In some cases, the affected kidney may be enlarged at birth and may cause pain.",What are the symptoms of Kidney Dysplasia ?
"The symptoms of lupus nephritis may include high blood pressure, foamy urine, and edemaswelling, usually in the legs, feet, or ankles and less often in the hands or face.
                
Kidney probl",What are the symptoms of Lupus Nephritis ?
Many people with medullary sponge kidney have no symptoms. The first sign that a person has medullary sponge kidney is usually a UTI or a kidney stone. UTIs and kidney stones share many of the same si,What are the symptoms of Medullary Sponge Kidney ?
"In addition to proteinuria, hyperlipidemia, edema, and hypoalbumina, people with nephrotic syndrome may experience
                
- weight gain  - fatigue  - foamy urine  - loss of appetite",What are the symptoms of Nephrotic Syndrome in Adults ?
"In many cases, PKD does not cause signs or symptoms until cysts are half an inch or larger. When present, the most common symptoms are pain in the back and sidesbetween the ribs and hipsand headaches.",What are the symptoms of Polycystic Kidney Disease ?
"An early sign of autosomal recessive PKD is an enlarged kidney, seen in a fetus or an infant using ultrasound. Kidney function is crucial for early physical development, so children with autosomal rec",What are the symptoms of Polycystic Kidney Disease ?
"Proteinuria has no signs or symptoms in the early stages. Large amounts of protein in the urine may cause it to look foamy in the toilet. Also, because protein has left the body, the blood can no long",What are the symptoms of Proteinuria ?
"Symptoms of pyelonephritis can vary depending on a persons age and may include the following:
                
- fever  - vomiting  - back, side, and groin pain  - chills  - nausea  - frequent, painfu",What are the symptoms of Pyelonephritis: Kidney Infection ?
"In many cases, RAS has no symptoms until it becomes severe.
                
The signs of RAS are usually either high blood pressure or decreased kidney function, or both, but RAS is often overlooked ",What are the symptoms of Renal Artery Stenosis ?
"Simple kidney cysts usually do not cause symptoms or harm the kidneys. In some cases, however, pain can occur between the ribs and hips when cysts enlarge and press on other organs. Sometimes cysts be",What are the symptoms of Simple Kidney Cysts ?
"The signs and symptoms of Alagille syndrome and their severity vary, even among people in the same family sharing the same gene mutation.
                
Liver
                
In some people, proble",What are the symptoms of Alagille Syndrome ?
"The most common symptoms of autoimmune hepatitis are
                
- fatigue  - joint pain  - nausea  - loss of appetite  - pain or discomfort over the liver  - skin rashes  - dark yellow urine  - ",What are the symptoms of Autoimmune Hepatitis ?
"The first symptom of biliary atresia is jaundicewhen the skin and whites of the eyes turn yellow. Jaundice occurs when the liver does not remove bilirubin, a reddish-yellow substance formed when hemog",What are the symptoms of Biliary Atresia ?
"Many people with cirrhosis have no symptoms in the early stages of the disease. However, as the disease progresses, a person may experience the following symptoms:
                
- fatigue, or feeli",What are the symptoms of Cirrhosis ?
"A person with hemochromatosis may notice one or more of the following symptoms:
                
- joint pain  - fatigue, or feeling tired  - unexplained weight loss  - abnormal bronze or gray skin co",What are the symptoms of Hemochromatosis ?
"Hepatitis B is called a silent killer because many people have no symptoms, so the disease often progresses unnoticed for years. Unfortunately, many people first learn they have chronic hepatitis B wh",What are the symptoms of Hepatitis B: What Asian and Pacific Islander Americans Need to Know ?
"NASH is usually a silent disease with few or no symptoms. Patients generally feel well in the early stages and only begin to have symptomssuch as fatigue, weight loss, and weaknessonce the disease is ",What are the symptoms of Nonalcoholic Steatohepatitis ?
"Some people with porphyria-causing gene mutations have latent porphyria, meaning they have no symptoms of the disorder. Symptoms of cutaneous porphyrias include
                
- oversensitivity to s",What are the symptoms of Porphyria ?
"The first and most common symptoms of primary biliary cirrhosis are
                
- fatigue, or feeling tired  - itching skin, and darkened skin in itching areas due to scratching  - dry eyes and m",What are the symptoms of Primary Biliary Cirrhosis ?
"The main symptoms of PSC are itching, fatigue, and yellowing of the skin or whites of the eyes. An infection in the bile ducts can cause chills and fever. PSC progresses slowly, so a person can have t",What are the symptoms of Primary Sclerosing Cholangitis ?
"Symptoms include
                
- jaundice, which causes a yellowing of the skin and eyes  - fatigue  - abdominal pain  - loss of appetite  - nausea  - vomiting  - diarrhea  - low grade fever  - hea",What are the symptoms of Viral Hepatitis: A through E and Beyond ?
"You may have no symptoms in the early stages of cirrhosis. As cirrhosis gets worse you may
                
- feel tired or weak  - lose your appetite  - feel sick to your stomach  - lose weight  - no",What are the symptoms of What I need to know about Cirrhosis ?
"Most people do not have any symptoms of hepatitis A. If symptoms of hepatitis A occur, they include
                
- feeling tired  - muscle soreness  - upset stomach  - fever  - loss of appetite  -",What are the symptoms of What I need to know about Hepatitis A ?
"Most people do not have any symptoms of hepatitis B. Adults and children ages 5 and older may have one or more of the following symptoms:
                
- feeling tired  - muscle soreness  - upset s",What are the symptoms of What I need to know about Hepatitis B ?
"Most people do not have any symptoms until the hepatitis C virus causes liver damage, which can take 10 or more years to happen. Others may have one or more of the following symptoms:
                ",What are the symptoms of What I need to know about Hepatitis C ?
"The symptoms of a cystocele may include
                
- a vaginal bulge  - the feeling that something is falling out of the vagina  - the sensation of pelvic heaviness or fullness  - difficulty sta",What are the symptoms of Cystocele ?
"Most people with microscopic hematuria do not have symptoms. People with gross hematuria have urine that is pink, red, or cola-colored due to the presence of red blood cells (RBCs). Even a small amoun",What are the symptoms of Hematuria (Blood in the Urine) ?
"People with kidney stones may have pain while urinating, see blood in the urine, or feel a sharp pain in the back or lower abdomen. The pain may last for a short or long time. People may experience na",What are the symptoms of Kidney Stones in Adults ?
"Children with kidney stones may have pain while urinating, see blood in the urine, or feel a sharp pain in the back or lower abdomen. The pain may last for a short or long time. Children may experienc",What are the symptoms of Kidney Stones in Children ?
"The signs and symptoms of Peyronies disease may include
                
- hard lumps on one or more sides of the penis  - pain during sexual intercourse or during an erection  - a curve in the penis ",What are the symptoms of Peyronie's Disease ?
"Lower urinary tract symptoms suggestive of benign prostatic hyperplasia may include
                
- urinary frequencyurination eight or more times a day  - urinary urgencythe inability to delay uri",What are the symptoms of Prostate Enlargement: Benign Prostatic Hyperplasia ?
"The symptoms of acute urinary retention may include the following and require immediate medical attention:
                
- inability to urinate  - painful, urgent need to urinate  - pain or discomf",What are the symptoms of Urinary Retention ?
"Symptoms of a UTI vary by age, gender, and whether a catheter is present. Among young women, UTI symptoms typically include a frequent and intense urge to urinate and a painful, burning feeling in the",What are the symptoms of Urinary Tract Infection In Adults ?
Symptoms of a UTI range from slight burning with urination or unusual-smelling urine to severe pain and high fever. A child with a UTI may also have no symptoms. A UTI causes irritation of the lining ,What are the symptoms of Urinary Tract Infections in Children ?
"Before leaving the hospital, a baby with urine blockage may urinate only small amounts or may not urinate at all. As part of the routine newborn exam, the health care provider may feel an enlarged kid",What are the symptoms of Urine Blockage in Newborns ?
"In many cases, a child with VUR has no symptoms. When symptoms are present, the most common is a urinary tract infection (UTI). VUR can lead to infection because urine that remains in the childs urina",What are the symptoms of Vesicoureteral Reflux ?
"Signs of bladder problems include
                
-  Urgency. The feeling that you need to go right now! Urgency is normal if you haven't been near a bathroom for a few hours or if you have been drin",What are the symptoms of What I need to know about Interstitial Cystitis/Painful Bladder Syndrome ?
"You may have a kidney stone if you
                
- have pain while urinating  - see blood in your urine  - feel a sharp pain in your back or lower abdomenthe area between your chest and hips
      ",What are the symptoms of What I need to know about Kidney Stones ?
"A child with a UTI may not have any symptoms. When symptoms are present, they can range from mild to severe. UTI symptoms can include
                
- fever  - pain or burning during urination with ",What are the symptoms of What I need to know about My Child's Urinary Tract Infection ?
"Acinetobacter causes a variety of diseases, ranging from pneumonia to serious blood or wound infections, and the symptoms vary depending on the disease. Acinetobacter may also “colonize” or live in a ",What are the symptoms of Acinetobacter in Healthcare Settings ?
"Based on limited information, after an incubation period that could be as short as 2-4 days, the disease presents initially with non-specific flu-like symptoms, including fever, anorexia (loss of appe",What are the symptoms of Alkhurma Hemorrhagic Fever (AHF) ?
Anaplasmosis is a disease caused by the bacterium Anaplasma phagocytophilium. This pathogen is transmitted to humans by the bite of an infected tick. The black-legged tick (Ixodes scapularis) is the v,What are the symptoms of Anaplasmosis ?
"The classic symptoms of botulism include double vision, blurred vision, drooping eyelids, slurred speech, difficulty swallowing, dry mouth, and muscle weakness. Infants with botulism appear lethargic,",what are the symptoms of botulism?
"The onset of CCHF is sudden, with initial signs and symptoms including headache, high fever, back pain, joint pain, stomach pain, and vomiting. Red eyes, a flushed face, a red throat, and petechiae (r",What are the symptoms of Crimean-Congo Hemorrhagic Fever (CCHF) ?
"Chronic fatigue syndrome can be misdiagnosed or overlooked because its symptoms are similar to so many other illnesses. Fatigue, for instance, can be a symptom for hundreds of illnesses. Looking close",What are the symptoms of Chronic Fatigue Syndrome (CFS) ?
"The symptoms of CHHF, as reported in the only described patient, resemble those of other South American hemorrhagic fevers, such as Argentine HF or Bolivian HF. The incubation period is unknown, but f",What are the symptoms of Chapare Hemorrhagic Fever (CHHF) ?
"Symptoms  
                
In the United States, the term “ehrlichiosis” may be broadly applied to several different infections. Ehrlichia chaffeensis and Ehrlichia ewingii are transmitted by the lon",What are the symptoms of Ehrlichiosis ?
"Due to the small number of HPS cases, the ""incubation time"" is not positively known. However, on the basis of limited information, it appears that symptoms may develop between 1 and 5 weeks after expo",what are the symptoms for Hantavirus ?
"After an incubation of 9-16 days, infection with Hendra virus can lead to respiratory illness with severe flu-like signs and symptoms. In some cases, illness may progress to encephalitis. 
           ",What are the symptoms of Hendra Virus Disease (HeV) ?
"After an incubation period of 3-8 days, the symptoms of KFD begin suddenly with chills, fever, and headache. Severe muscle pain with vomiting, gastrointestinal symptoms and bleeding problems may occur",What are the symptoms of Kyasanur Forest Disease (KFD) ?
"LCMV is most commonly recognized as causing neurological disease, as its name implies, though infection without symptoms or mild febrile illnesses are more common clinical manifestations. 
           ",What are the symptoms of Lymphocytic Choriomeningitis (LCM) ?
"The symptoms of Lujo hemorrhagic fever, as described in the five patients in the original cluster outbreak, resemble those of severe Lassa Fever. After an incubation period of 7 to 13 days, the clinic",What are the symptoms of Lujo Hemorrhagic Fever (LUHF) ?
"After an incubation period of 5-10 days, symptom onset is sudden and marked by fever, chills, headache, and myalgia. Around the fifth day after the onset of symptoms, a maculopapular rash, most promin",What are the symptoms of Marburg hemorrhagic fever (Marburg HF) ?
"The symptoms of nocardiosis vary depending on which part of your body is affected.
    
Nocardiosis infection most commonly occurs in the lung. If your lungs are infected, you can experience:
    
   ",What are the symptoms of Nocardiosis ?
"After an incubation period of 3-8 days, the symptoms of OHF begin suddenly with chills, fever, headache, and severe muscle pain with vomiting, gastrointestinal symptoms and bleeding problems occurring",What are the symptoms of Omsk Hemorrhagic Fever (OHF) ?
"Q fever can cause acute or chronic illness in humans, who usually acquire infection after contact with infected animals or exposure to contaminated environments. The acute symptoms caused by infection",What are the symptoms of Q Fever ?
"The first symptoms of rabies may be very similar to those of the flu including general weakness or discomfort, fever, or headache. These symptoms may last for days.
                
There may be also ",what are the signs and symptoms of rabies?
The first symptoms of Rocky Mountain spotted fever (RMSF) typically begin 2-14 days after the bite of an infected tick. A tick bite is usually painless and about half of the people who develop RMSF do,What are the symptoms of Rocky Mountain Spotted Fever (RMSF) ?
"Persons with typhoid fever usually have a sustained fever as high as 103° to 104° F (39° to 40° C). They may also feel weak, or have stomach pains, headache, or loss of appetite. In some cases, patien",What are the symptoms of Typhoid Fever ?
